-- Creating initial database
CREATE DATABASE braintree;

USE database braintree;

-- Creating continents table
CREATE TABLE IF NOT EXISTS public.continents
(
    continent_code varchar(2) UNIQUE NOT NULL,
    continent_name text NOT NULL
);

-- Inserting Data into continents table
INSERT INTO continents values
('AF','Africa'),
('AS','Asia'),
('EU','Europe'),
('NA','North America'),
('SA','South America'),
('OC','Oceania'),
('AN','Antarctica')
;

-- Creating continents table
CREATE TABLE IF NOT EXISTS public.countries
(
    country_code varchar(3) UNIQUE NOT NULL,
    country_name text NOT NULL
);

-- Inserting data into countries table
insert into countries values
('ABW','Aruba'),
('AND','Andorra'),
('AFG','Afghanistan'),
('AGO','Angola'),
('ALB','Albania'),
('ARB','Arab World'),
('ARE','United Arab Emirates'),
('ARG','Argentina'),
('ARM','Armenia'),
('ASM','American Samoa'),
('ATG','Antigua and Barbuda'),
('AUS','Australia'),
('AUT','Austria'),
('AZE','Azerbaijan'),
('BDI','Burundi'),
('BEL','Belgium'),
('BEN','Benin'),
('BFA','Burkina Faso'),
('BGD','Bangladesh'),
('BGR','Bulgaria'),
('BHR','Bahrain'),
('BHS','Bahamas, The'),
('BIH','Bosnia and Herzegovina'),
('BLR','Belarus'),
('BLZ','Belize'),
('BMU','Bermuda'),
('BOL','Bolivia'),
('BRA','Brazil'),
('BRB','Barbados'),
('BRN','Brunei Darussalam'),
('BTN','Bhutan'),
('BWA','Botswana'),
('CAA','Sub-Saharan Africa (IFC classification)'),
('CAF','Central African Republic'),
('CAN','Canada'),
('CEA','East Asia and the Pacific (IFC classification)'),
('CEU','Europe and Central Asia (IFC classification)'),
('CHE','Switzerland'),
('CHI','Channel Islands'),
('CHL','Chile'),
('CHN','China'),
('CIV','Cote d''Ivoire'),
('CLA','Latin America and the Caribbean (IFC classification)'),
('CME','Middle East and North Africa (IFC classification)'),
('CMR','Cameroon'),
('COG','Congo, Rep.'),
('COL','Colombia'),
('COM','Comoros'),
('CPV','Cabo Verde'),
('CRI','Costa Rica'),
('CSA','South Asia (IFC classification)'),
('CSS','Caribbean small states'),
('CUB','Cuba'),
('CUW','Curacao'),
('CYM','Cayman Islands'),
('CYP','Cyprus'),
('CZE','Czech Republic'),
('DEU','Germany'),
('DJI','Djibouti'),
('DMA','Dominica'),
('DNK','Denmark'),
('DOM','Dominican Republic'),
('DZA','Algeria'),
('EAP','East Asia & Pacific (developing only)'),
('EAS','East Asia & Pacific (all income levels)'),
('ECA','Europe & Central Asia (developing only)'),
('ECS','Europe & Central Asia (all income levels)'),
('ECU','Ecuador'),
('EGY','Egypt, Arab Rep.'),
('EMU','Euro area'),
('ERI','Eritrea'),
('ESP','Spain'),
('EST','Estonia'),
('ETH','Ethiopia'),
('EUU','European Union'),
('FIN','Finland'),
('FJI','Fiji'),
('FRA','France'),
('FRO','Faeroe Islands'),
('FSM','Micronesia, Fed. Sts.'),
('GAB','Gabon'),
('GBR','United Kingdom'),
('GEO','Georgia'),
('GHA','Ghana'),
('GIN','Guinea'),
('GMB','Gambia, The'),
('GNB','Guinea-Bissau'),
('GNQ','Equatorial Guinea'),
('GRC','Greece'),
('GRD','Grenada'),
('GRL','Greenland'),
('GTM','Guatemala'),
('GUM','Guam'),
('GUY','Guyana'),
('HIC','High income'),
('HKG','Hong Kong SAR, China'),
('HND','Honduras'),
('HPC','Heavily indebted poor countries (HIPC)'),
('HRV','Croatia'),
('HTI','Haiti'),
('HUN','Hungary'),
('IDN','Indonesia'),
('IMN','Isle of Man'),
('IND','India'),
('INX','Not classified'),
('IRL','Ireland'),
('IRN','Iran, Islamic Rep.'),
('IRQ','Iraq'),
('ISL','Iceland'),
('ISR','Israel'),
('ITA','Italy'),
('JAM','Jamaica'),
('JOR','Jordan'),
('JPN','Japan'),
('KAZ','Kazakhstan'),
('KEN','Kenya'),
('KGZ','Kyrgyz Republic'),
('KHM','Cambodia'),
('KIR','Kiribati'),
('KNA','St. Kitts and Nevis'),
('KOR','Korea, Rep.'),
('KSV','Kosovo'),
('KWT','Kuwait'),
('LAC','Latin America & Caribbean (developing only)'),
('LAO','Lao PDR'),
('LBN','Lebanon'),
('LBR','Liberia'),
('LBY','Libya'),
('LCA','St. Lucia'),
('LCN','Latin America & Caribbean (all income levels)'),
('LDC','Least developed countries: UN classification'),
('LIC','Low income'),
('LIE','Liechtenstein'),
('LKA','Sri Lanka'),
('LMC','Lower middle income'),
('LMY','Low & middle income'),
('LSO','Lesotho'),
('LTU','Lithuania'),
('LUX','Luxembourg'),
('LVA','Latvia'),
('MAC','Macao SAR, China'),
('MAF','St. Martin (French part)'),
('MAR','Morocco'),
('MCO','Monaco'),
('MDA','Moldova'),
('MDG','Madagascar'),
('MDV','Maldives'),
('MEA','Middle East & North Africa (all income levels)'),
('MEX','Mexico'),
('MHL','Marshall Islands'),
('MIC','Middle income'),
('MKD','Macedonia, FYR'),
('MLI','Mali'),
('MLT','Malta'),
('MMR','Myanmar'),
('MNA','Middle East & North Africa (developing only)'),
('MNE','Montenegro'),
('MNG','Mongolia'),
('MNP','Northern Mariana Islands'),
('MOZ','Mozambique'),
('MRT','Mauritania'),
('MUS','Mauritius'),
('MWI','Malawi'),
('MYS','Malaysia'),
('NAC','North America'),
('NAM','Namibia'),
('NCL','New Caledonia'),
('NER','Niger'),
('NGA','Nigeria'),
('NIC','Nicaragua'),
('NLD','Netherlands'),
('NOC','High income: nonOECD'),
('NOR','Norway'),
('NPL','Nepal'),
('NZL','New Zealand'),
('OEC','High income: OECD'),
('OED','OECD members'),
('OMN','Oman'),
('OSS','Other small states'),
('PAK','Pakistan'),
('PAN','Panama'),
('PER','Peru'),
('PHL','Philippines'),
('PLW','Palau'),
('PNG','Papua New Guinea'),
('POL','Poland'),
('PRI','Puerto Rico'),
('PRK','Korea, Dem. Rep.'),
('PRT','Portugal'),
('PRY','Paraguay'),
('PSS','Pacific island small states'),
('PYF','French Polynesia'),
('QAT','Qatar'),
('ROU','Romania'),
('RUS','Russian Federation'),
('RWA','Rwanda'),
('SAS','South Asia'),
('SAU','Saudi Arabia'),
('SDN','Sudan'),
('SEN','Senegal'),
('SGP','Singapore'),
('SLB','Solomon Islands'),
('SLE','Sierra Leone'),
('SLV','El Salvador'),
('SMR','San Marino'),
('SOM','Somalia'),
('SRB','Serbia'),
('SSA','Sub-Saharan Africa (developing only)'),
('SSD','South Sudan'),
('SSF','Sub-Saharan Africa (all income levels)'),
('SST','Small states'),
('STP','Sao Tome and Principe'),
('SUR','Suriname'),
('SVK','Slovak Republic'),
('SVN','Slovenia'),
('SWE','Sweden'),
('SWZ','Swaziland'),
('SXM','Sint Maarten (Dutch part)'),
('SYC','Seychelles'),
('SYR','Syrian Arab Republic'),
('TCA','Turks and Caicos Islands'),
('TCD','Chad'),
('TGO','Togo'),
('THA','Thailand'),
('TJK','Tajikistan'),
('TKM','Turkmenistan'),
('TLS','Timor-Leste'),
('TON','Tonga'),
('TTO','Trinidad and Tobago'),
('TUN','Tunisia'),
('TUR','Turkey'),
('TUV','Tuvalu'),
('TZA','Tanzania'),
('UGA','Uganda'),
('UKR','Ukraine'),
('UMC','Upper middle income'),
('URY','Uruguay'),
('USA','United States'),
('UZB','Uzbekistan'),
('VCT','St. Vincent and the Grenadines'),
('VEN','Venezuela, RB'),
('VIR','Virgin Islands (U.S.)'),
('VNM','Vietnam'),
('VUT','Vanuatu'),
('PSE','West Bank and Gaza'),
('WLD','World'),
('WSM','Samoa'),
('YEM','Yemen, Rep.'),
('ZAF','South Africa'),
('COD','Congo, Dem. Rep.'),
('ZMB','Zambia'),
('ZWE','Zimbabwe')
 ;
 
 -- Creating continent_map table
CREATE TABLE IF NOT EXISTS public.continent_map (
country_code text null,
continent_code text null
);

-- Inserting data into continent_map table
INSERT INTO continent_map values
('ABW','NA'),
('AFG','AS'),
('AGO','AF'),
('AIA','NA'),
('ALA','EU'),
('ALB','EU'),
('AND','EU'),
('ANT','NA'),
('ARE','AS'),
('ARG','SA'),
('ARM','EU'),
('ARM','AS'),
('ARM','AF'),
('ASM','OC'),
('ATA','AN'),
('ATF','AN'),
('ATG','NA'),
('AUS','OC'),
('AUT','EU'),
('AZE','EU'),
('AZE','AS'),
('BDI','AF'),
('BEL','EU'),
('BEN','AF'),
('BES','NA'),
('BFA','AF'),
('BGD','AS'),
('BGR','EU'),
('BHR','AS'),
('BHS','NA'),
('BIH','EU'),
('BLM','NA'),
('BLR','EU'),
('BLZ','NA'),
('BMU','NA'),
('BOL','SA'),
('BRA','SA'),
('BRB','NA'),
('BRN','AS'),
('BTN','AS'),
('BVT','AN'),
('BWA','AF'),
('CAF','AF'),
('CAN','NA'),
('CCK','AS'),
('CHE','EU'),
('CHL','SA'),
('CHN','AS'),
('CIV','AF'),
('CMR','AF'),
('COD','AF'),
('COG','AF'),
('COK','OC'),
('COL','SA'),
('COM','AF'),
('CPV','AF'),
('CRI','NA'),
('CUB','NA'),
('CUW','NA'),
('CXR','AS'),
('CYM','NA'),
('CYP','EU'),
('CYP','AS'),
('CZE','EU'),
('DEU','EU'),
('DJI','AF'),
('DMA','NA'),
('DNK','EU'),
('DOM','NA'),
('DZA','AF'),
('ECU','SA'),
('EGY','AF'),
('ERI','AF'),
('ESH','AF'),
('ESP','EU'),
('EST','EU'),
('ETH','AF'),
('FIN','EU'),
('FJI','OC'),
('FLK','SA'),
('FRA','EU'),
('FRO','EU'),
('FSM','OC'),
('GAB','AF'),
('GBR','EU'),
('GEO','EU'),
('GEO','AS'),
('GGY','EU'),
('GHA','AF'),
('GIB','EU'),
('GIN','AF'),
('GLP','NA'),
('GMB','AF'),
('GNB','AF'),
('GNQ','AF'),
('GRC','EU'),
('GRD','NA'),
('GRL','NA'),
('GTM','NA'),
('GUF','SA'),
('GUM','OC'),
('GUY','SA'),
('HKG','AS'),
('HMD','AN'),
('HND','NA'),
('HRV','EU'),
('HTI','NA'),
('HUN','EU'),
('IDN','AS'),
('IMN','EU'),
('IND','AS'),
('IOT','AS'),
('IRL','EU'),
('IRN','AS'),
('IRQ','AS'),
('ISL','EU'),
('ISR','AS'),
('ITA','EU'),
('JAM','NA'),
('JEY','EU'),
('JOR','AS'),
('JPN','AS'),
('KAZ','EU'),
('KAZ','AS'),
('KEN','AF'),
('KGZ','AS'),
('KHM','AS'),
('KIR','OC'),
('KNA','NA'),
('KOR','AS'),
('KWT','AS'),
('LAO','AS'),
('LBN','AS'),
('LBR','AF'),
('LBY','AF'),
('LCA','NA'),
('LIE','EU'),
('LKA','AS'),
('LSO','AF'),
('LTU','EU'),
('LUX','EU'),
('LVA','EU'),
('MAC','AS'),
('MAF','NA'),
('MAR','AF'),
('MCO','EU'),
('MDA','EU'),
('MDG','AF'),
('MDV','AS'),
('MEX','NA'),
('MHL','OC'),
('MKD','EU'),
('MLI','AF'),
('MLT','EU'),
('MMR','AS'),
('MNE','EU'),
('MNG','AS'),
('MNP','OC'),
('MOZ','AF'),
('MRT','AF'),
('MSR','NA'),
('MTQ','NA'),
('MUS','AF'),
('MWI','AF'),
('MYS','AS'),
('MYT','AF'),
('NAM','AF'),
('NCL','OC'),
('NER','AF'),
('NFK','OC'),
('NGA','AF'),
('NIC','NA'),
('NIU','OC'),
('NLD','EU'),
('NOR','EU'),
('NPL','AS'),
('NRU','OC'),
('','OC'),
('','AS'),
('','AS'),
('','AS'),
('NZL','OC'),
('OMN','AS'),
('PAK','AS'),
('PAN','NA'),
('PCN','OC'),
('PER','SA'),
('PHL','AS'),
('PLW','OC'),
('PNG','OC'),
('POL','EU'),
('PRI','NA'),
('PRK','AS'),
('PRT','EU'),
('PRY','SA'),
('PSE','AS'),
('PYF','OC'),
('QAT','AS'),
('REU','AF'),
('ROU','EU'),
('RUS','EU'),
('RUS','AS'),
('RWA','AF'),
('SAU','AS'),
('SDN','AF'),
('SEN','AF'),
('SGP','AS'),
('SGS','AN'),
('SHN','AF'),
('SJM','EU'),
('SLB','OC'),
('SLE','AF'),
('SLV','NA'),
('SMR','EU'),
('SOM','AF'),
('SPM','NA'),
('SRB','EU'),
('SSD','AF'),
('STP','AF'),
('SUR','SA'),
('SVK','EU'),
('SVN','EU'),
('SWE','EU'),
('SWZ','AF'),
('SXM','NA'),
('SYC','AF'),
('SYR','AS'),
('TCA','NA'),
('TCD','AF'),
('TGO','AF'),
('THA','AS'),
('TJK','AS'),
('TKL','OC'),
('TKM','AS'),
('TLS','AS'),
('TON','OC'),
('TTO','NA'),
('TUN','AF'),
('TUR','EU'),
('TUR','AS'),
('TUV','OC'),
('TWN','AS'),
('TZA','AF'),
('UGA','AF'),
('UKR','EU'),
('UMI','OC'),
('UMI','NA'),
('URY','SA'),
('USA','NA'),
('UZB','AS'),
('VAT','EU'),
('VCT','NA'),
('VEN','SA'),
('VGB','NA'),
('VIR','NA'),
('VNM','AS'),
('VUT','OC'),
('WLF','OC'),
('WSM','OC'),
('YEM','AS'),
('ZAF','AF'),
('ZMB','AF'),
('ZWE','AF')
;



